{
    "pathogenic value of, 105": -6.993370532989502,
    "among working classes, 121": 1.7800827026367188,
    "and family organization, 100": -2.226241111755371,
    "regulation by state, 25-6, 116, 118": -3.745452404022217,
    "discipline of, 139-40": -7.802063941955566,
    "encroachment of power on, 47-8": -6.173231601715088,
    "intensification of, 107, 123": 9.667729377746582,
    "perversion seen as imbedded in, 43, 44": -3.4333059787750244,
    "locus of sexual repression, 3-5, 17": -8.283271789550781,
    "and bio-power, 140-1": -7.790238857269287,
    "and deployment of sexuality, 114": -3.0896756649017334,
    "and sexual repression, 5-6": -8.353870391845703,
    "and confession, 19": 6.63332462310791,
    "and hysterization of womens bodies, 146-7": -4.9165472984313965,
    "and psychoanalysis, 113": 3.909362316131592,
    "sexualization of, 153": 7.2653961181640625,
    "hermaneutic function 66-7": -3.3560736179351807,
    "power relationship, 61-2": -7.263507843017578,
    "as limit of power, 138": -5.755576133728027,
    "loosening grip of, 142": -6.913909435272217,
    "relation to power, 81-3, 86, 89-90": -1.0320554971694946,
    "transformation into discourse, 20, 21, 23": 5.450560569763184,
    "bourgeois concern with, 121, 124-5": -4.584157466888428,
    "and sexual technology, 118-19": -6.875361442565918,
    "criminal status, 38": -3.988734006881714,
    "and homosexuality, 43": -4.1162919998168945,
    "entry into discourse, 101": -6.8656158447265625,
    "initial characterization, 43": 0.08752765506505966,
    "and penal law, 38": -3.467850685119629,
    "and alliance systems, 109-10, 113": -5.688492774963379,
    "and psychoanalysis, 129-30": -7.207003116607666,
    "as sin, 38": -3.8650238513946533,
    "biopolitics of, 141": -9.635395050048828,
    "power relationships, 86-8": -7.205224514007568,
    "and alliance systems, 106-7, 108": -5.690581798553467,
    "normalization of, 144": 10.68266487121582,
    "political significance, 87-9": -9.730474472045898,
    "power over sex, 83": 10.011594772338867,
    "and sexual acts \"contrary to nature,\" 38": -6.386112213134766,
    "entry into history, 141-3": -8.874008178710938,
    "as political object, 144-5": -9.123373031616211,
    "confessional, 59-60": -0.9216950535774231,
    "sexual discourse in, 21-3": -8.64334774017334,
    "and alliance system, 106": -11.90562629699707,
    "protection and surveillance of, 37-8": -6.047666549682617,
    "and family alliances, 111-12": -6.047030448913574,
    "and \"unnatural\" sexuality, 36, 38": -6.020561218261719,
    "and sexual discourse, 18, 19, 20": 5.688374042510986,
    "technological developments, 116, 117": 9.615168571472168,
    "fragmentation of, 39": 0.6715463399887085,
    "medical view of, 41": 0.48826611042022705,
    "new specifications, 42-4": -4.6737470626831055,
    "psychiatrization of, 30, 105, 153-5": -3.3337209224700928,
    "biological survival, 137": 13.873966217041016,
    "biopolitics of, 139-40": -8.830933570861816,
    "regulation of, 25-6, 116, 118, 145-7": -3.759383201599121,
    "and war, 137": 5.165529251098633,
    "\"analytics\" of, 82-3": -6.393575191497803,
    "and blood relations, 147-50": -6.395613670349121,
    "confession as ritual of, 61-2": -2.310896635055542,
    "and desire, 83, 89-90": -0.6311100125312805,
    "encroachment on individual bodies, 47-8": -6.1134490966796875,
    "generalized locus, 93, 94, 96": 4.591320514678955,
    "in juridico-political discourse, 87-9": -9.628838539123535,
    "as-law, 82": -1.8389784097671509,
    "modes of ruling over, 83": -5.423162937164307,
    "as multiplicity of force relationships, 92-3": -4.312780857086182,
    "\"negative relation\" to sex, 83": -6.482586860656738,
    "and obedience, 85": -0.4305726885795593,
    "origin of, 94": -2.1983089447021484,
    "and spirals of pleasure, 44-5, 48-9": -5.540599346160889,
    "political institutionalization, 86-7": -9.780359268188477,
    "polymorphous nature of, 43": 3.860442876815796,
    "power struggle over, 139": -6.831329822540283,
    "relation to sex, 83": 5.6728363037109375,
    "renewed attention to, 146": -9.672077178955078,
    "and right of life and death, 137-8": -9.120540618896484,
    "sex as an obstacle to, 83": -6.482586860656738,
    "sex as power, 83": 10.011594772338867,
    "sexual body as object and target of, 43-4": -3.3086466789245605,
    "sexual body as target of, 44": -4.764797210693359,
    "sexual freedom, 142": 9.978931427001953,
    "sexual regulation, 33-5": -6.31890869140625,
    "sexuality as object of, 83": 5.6728363037109375,
    "socialization of, 146": -7.961223602294922,
    "specificity of, 38": -2.458979368209839,
    "techniques and objectives, 83": -5.442437171936035,
    "and the state, 147": -9.45195198059082,
    "as technology of power, 83": -6.482586860656738,
    "as \"weapon,\" 83": -6.482586860656738
  }
  